id_produit,nom,marque,categorie,prix,note,couleur,taille
1,Dress,Adidas,Men's Fashion,40,1.0431592108361825,Black,XL
2,Shoes,H&M,Women's Fashion,82,4.026416271141911,Black,L
3,Dress,Adidas,Women's Fashion,44,3.337937559377053,Yellow,XL
4,Shoes,Zara,Men's Fashion,23,1.0495229563128543,White,S
5,T-shirt,Adidas,Men's Fashion,79,4.302773408398684,Black,M
6,Dress,Adidas,Men's Fashion,47,1.3795657395330458,Yellow,L
7,Jeans,Gucci,Men's Fashion,37,1.3567503746842564,White,XL
8,Sweater,Zara,Kids' Fashion,64,4.36030328941572,Blue,XL
9,Sweater,H&M,Men's Fashion,53,4.466181876278437,Green,XL
10,T-shirt,Zara,Kids' Fashion,55,4.093234402033421,White,XL
11,T-shirt,Adidas,Men's Fashion,51,1.1609879573062742,Red,S
12,Sweater,Gucci,Kids' Fashion,91,2.699735537578599,Yellow,M
13,Jeans,Nike,Kids' Fashion,35,1.6011935800534172,Red,M
14,Dress,Zara,Women's Fashion,34,2.921004203947349,White,L
15,Shoes,Zara,Men's Fashion,54,3.670412239336502,Yellow,M
16,Dress,Adidas,Women's Fashion,27,1.4227161428043575,Blue,S
17,Dress,Gucci,Women's Fashion,75,1.4806321322978917,Blue,XL
18,Jeans,Gucci,Women's Fashion,73,4.498244680519686,Red,XL
19,Shoes,Gucci,Women's Fashion,54,3.278340556246379,White,M
20,Dress,Gucci,Men's Fashion,53,3.7852452454057937,Green,L
21,Jeans,H&M,Men's Fashion,56,2.6095873530986724,Yellow,S
22,Jeans,Gucci,Women's Fashion,89,4.568632342868542,Green,L
23,Jeans,Zara,Kids' Fashion,91,4.072724797078319,Yellow,M
24,Jeans,Zara,Women's Fashion,15,2.499756273932044,Yellow,XL
25,Sweater,H&M,Kids' Fashion,38,1.020492671359242,Green,S
26,Dress,Gucci,Women's Fashion,21,4.748169005039641,Green,S
27,T-shirt,Adidas,Kids' Fashion,72,3.3017434083754096,Red,L
28,Shoes,Zara,Women's Fashion,32,2.822802859802248,Yellow,L
29,Shoes,Gucci,Women's Fashion,85,4.9409852209868586,Yellow,M
30,Sweater,Nike,Kids' Fashion,99,3.110113572581459,Green,XL
31,Jeans,H&M,Kids' Fashion,37,2.755187148705766,Blue,S
32,T-shirt,Nike,Kids' Fashion,78,3.4472894702794954,White,XL
33,Jeans,H&M,Kids' Fashion,89,4.799409018709708,Green,XL
34,Jeans,H&M,Men's Fashion,80,3.9232611597712266,Black,S
35,Jeans,Zara,Women's Fashion,37,4.173991567921782,Blue,L
36,Dress,H&M,Kids' Fashion,74,1.0149961280920143,Green,S
37,Sweater,Zara,Kids' Fashion,48,4.94766478278459,Blue,S
38,T-shirt,Nike,Kids' Fashion,76,2.663067923739062,Yellow,S
39,Jeans,Adidas,Men's Fashion,90,1.788771519300072,Yellow,M
40,Dress,Zara,Women's Fashion,26,2.4356113364040395,Black,XL
41,Jeans,Gucci,Women's Fashion,40,2.922173645847821,Blue,L
42,Shoes,Zara,Kids' Fashion,43,1.6719588858059065,Red,S
43,T-shirt,Adidas,Men's Fashion,39,3.601868546646005,White,M
44,Jeans,Nike,Kids' Fashion,74,2.039156739091348,White,M
45,Jeans,Gucci,Women's Fashion,85,4.886711103488975,Red,L
46,Dress,Zara,Men's Fashion,38,2.82786983124548,Yellow,XL
47,Jeans,Zara,Men's Fashion,62,1.2807316864746534,Green,S
48,T-shirt,Gucci,Kids' Fashion,10,1.836963965888568,Green,M
49,Sweater,Gucci,Kids' Fashion,52,3.01224078565306,Green,XL
50,T-shirt,H&M,Women's Fashion,38,3.0832859328181086,Blue,L
51,Jeans,Adidas,Women's Fashion,67,3.8429900228918754,Yellow,XL
52,Dress,Nike,Kids' Fashion,59,3.964195137772806,Red,S
53,T-shirt,Nike,Men's Fashion,16,1.2923199695786125,Red,M
54,Shoes,H&M,Men's Fashion,33,2.450522629395141,Blue,S
55,Sweater,Adidas,Kids' Fashion,76,2.820647079283965,Red,S
56,Dress,Nike,Women's Fashion,53,2.251328486675961,White,XL
57,Sweater,Adidas,Women's Fashion,52,3.613136293174617,Red,M
58,Shoes,Adidas,Women's Fashion,61,1.6845413743576394,White,L
59,Dress,Nike,Kids' Fashion,93,3.158493604214389,Blue,M
60,Shoes,H&M,Kids' Fashion,24,1.590713070216225,Yellow,XL
61,Shoes,Adidas,Women's Fashion,25,1.042408820147689,Yellow,M
62,T-shirt,Nike,Men's Fashion,66,2.063108734779856,Blue,L
63,Jeans,Zara,Kids' Fashion,55,4.026271065991512,White,L
64,Shoes,Gucci,Kids' Fashion,72,1.7792107858467734,Red,M
65,Shoes,H&M,Kids' Fashion,33,3.045016002595004,Yellow,XL
66,Sweater,H&M,Kids' Fashion,59,4.550917310052925,Red,XL
67,Jeans,Gucci,Women's Fashion,41,4.251683238918625,Green,M
68,T-shirt,Gucci,Women's Fashion,76,4.3049362401792095,Red,S
69,Sweater,Gucci,Women's Fashion,74,3.666667399691832,Yellow,M
70,Dress,Gucci,Women's Fashion,36,2.538600852160797,Yellow,M
71,Sweater,Adidas,Women's Fashion,35,4.864999297666657,White,M
72,T-shirt,H&M,Women's Fashion,51,2.7936258074198936,Yellow,M
73,T-shirt,Gucci,Men's Fashion,34,2.9239820574485926,Red,M
74,Dress,Zara,Women's Fashion,68,2.8808081878968665,White,XL
75,Dress,H&M,Women's Fashion,86,2.889443699732862,Blue,S
76,Jeans,Adidas,Women's Fashion,39,2.9741393146980504,Black,XL
77,Sweater,H&M,Kids' Fashion,90,2.2282631651177525,Blue,L
78,T-shirt,Nike,Men's Fashion,76,1.2972571933246568,White,XL
79,T-shirt,Nike,Men's Fashion,11,1.3334220867175706,Red,L
80,Jeans,Nike,Kids' Fashion,21,2.938056289633595,Red,XL
81,T-shirt,Nike,Women's Fashion,66,2.403440001805281,Green,S
82,Dress,H&M,Kids' Fashion,31,4.612706002521094,Blue,S
83,Shoes,Nike,Women's Fashion,49,1.421790366569129,Blue,L
84,Sweater,Adidas,Women's Fashion,42,2.5601740446118324,Red,L
85,Shoes,Nike,Women's Fashion,89,1.107632847390418,Yellow,XL
86,Sweater,Zara,Men's Fashion,50,3.276221602515569,Yellow,M
87,Shoes,Nike,Men's Fashion,41,4.126941613678208,Red,S
88,Dress,Nike,Kids' Fashion,61,2.5578921317942567,White,L
89,Dress,Gucci,Men's Fashion,66,3.896436962470069,White,L
90,Jeans,H&M,Men's Fashion,37,3.961592462639102,Red,XL
91,Jeans,H&M,Kids' Fashion,85,3.0525558220725157,Green,XL
92,Jeans,Adidas,Men's Fashion,100,1.8450713044064728,White,M
93,Shoes,Nike,Men's Fashion,70,4.928128215414036,White,S
94,Shoes,Zara,Women's Fashion,21,3.941875648194909,Yellow,XL
95,Shoes,Gucci,Women's Fashion,58,1.971525134654164,Blue,S
96,Dress,Gucci,Women's Fashion,30,4.655251630403741,Red,L
97,Jeans,Gucci,Men's Fashion,52,3.7618905512261382,Green,L
98,Sweater,Gucci,Kids' Fashion,61,4.277089915641023,Black,XL
99,Shoes,Nike,Kids' Fashion,93,4.280090724853463,Yellow,L
100,Shoes,Adidas,Kids' Fashion,84,1.83719942156349,Red,L
101,Jeans,Zara,Women's Fashion,95,1.5017542710399447,Green,XL
102,Sweater,Gucci,Kids' Fashion,19,4.211889573000041,Red,S
103,Jeans,Zara,Women's Fashion,84,3.6491707147745664,White,XL
104,Jeans,H&M,Men's Fashion,24,4.737257324597893,White,M
105,Jeans,Zara,Women's Fashion,52,1.7509311602979163,Yellow,L
106,Jeans,H&M,Kids' Fashion,21,2.726230340988483,Red,L
107,Sweater,Zara,Men's Fashion,23,3.3213469284575607,Red,L
108,Sweater,Gucci,Men's Fashion,13,4.278042968142891,Green,L
109,Jeans,Nike,Kids' Fashion,73,2.72765960082044,Black,XL
110,Sweater,Gucci,Women's Fashion,33,4.665058098805442,Blue,XL
111,Shoes,Zara,Women's Fashion,55,2.3936845906950563,Green,M
112,Jeans,Adidas,Men's Fashion,15,2.446269480365057,White,S
113,T-shirt,Zara,Men's Fashion,60,1.1884917976998357,White,L
114,Shoes,H&M,Men's Fashion,37,1.457139593656438,Red,M
115,Dress,Adidas,Kids' Fashion,64,2.8878066008190664,Blue,L
116,Shoes,Adidas,Women's Fashion,60,3.114797145238716,Green,M
117,Dress,Zara,Kids' Fashion,75,3.992174604280839,White,M
118,Dress,Adidas,Men's Fashion,71,3.5173157730835607,Yellow,S
119,Jeans,Nike,Men's Fashion,73,2.657925071165124,Yellow,S
120,T-shirt,H&M,Men's Fashion,12,2.5073106927358912,Green,M
121,T-shirt,Gucci,Men's Fashion,96,1.6339895968292044,Red,M
122,Sweater,H&M,Women's Fashion,36,4.425129581852593,Blue,XL
123,Sweater,Nike,Women's Fashion,65,2.6473934151433265,Yellow,L
124,Sweater,H&M,Men's Fashion,62,1.0908131501294354,Black,L
125,Sweater,H&M,Kids' Fashion,56,4.139373022505058,Green,L
126,T-shirt,Nike,Kids' Fashion,55,4.851703509210904,Green,M
127,Shoes,Zara,Women's Fashion,47,4.86740352988641,Yellow,M
128,T-shirt,H&M,Women's Fashion,61,2.3104939634166746,Green,M
129,T-shirt,Zara,Women's Fashion,85,2.1043220072345936,Yellow,M
130,Shoes,Nike,Women's Fashion,81,1.0219724847287694,Green,M
131,T-shirt,H&M,Men's Fashion,50,3.3774933674823044,Blue,M
132,Sweater,Adidas,Women's Fashion,10,2.9977013284756358,White,M
133,Shoes,H&M,Kids' Fashion,28,1.6645424017858694,Blue,XL
134,Sweater,Zara,Women's Fashion,60,3.6336515298115786,Yellow,S
135,Dress,Adidas,Kids' Fashion,14,3.654703012504208,Blue,L
136,Shoes,Zara,Men's Fashion,45,1.0176547429590834,Blue,XL
137,Dress,Gucci,Kids' Fashion,90,3.3205086094093903,Green,S
138,Dress,H&M,Women's Fashion,23,1.8115782608758957,Yellow,S
139,Sweater,Gucci,Women's Fashion,45,3.540081866561004,Blue,XL
140,Shoes,Zara,Kids' Fashion,40,2.022643002946769,Green,M
141,Jeans,Nike,Women's Fashion,28,4.441575547962888,Yellow,L
142,Shoes,Nike,Men's Fashion,38,4.4039323943697415,White,XL
143,Shoes,Gucci,Women's Fashion,81,4.922934883340847,White,L
144,Shoes,Adidas,Kids' Fashion,57,1.000967235428064,Blue,M
145,T-shirt,Zara,Kids' Fashion,60,4.821956688936054,Green,S
146,Shoes,Adidas,Women's Fashion,53,3.4663879810046567,Yellow,M
147,Shoes,Gucci,Kids' Fashion,48,2.582393026142008,Green,L
148,Shoes,Adidas,Women's Fashion,82,2.716311659141037,Black,L
149,Jeans,Adidas,Women's Fashion,56,4.001270462281135,Green,M
150,T-shirt,Nike,Women's Fashion,43,1.1973307228303791,Green,M
151,Shoes,Adidas,Men's Fashion,77,2.352064140181953,Blue,M
152,Jeans,Nike,Men's Fashion,71,4.815682355275902,Green,S
153,Shoes,Nike,Kids' Fashion,31,1.946292675520497,Black,S
154,Dress,Zara,Men's Fashion,11,2.3012246310106845,Blue,L
155,T-shirt,Gucci,Women's Fashion,48,2.433795361947496,White,L
156,T-shirt,Adidas,Women's Fashion,21,1.1541873635251334,Red,L
157,Dress,Adidas,Women's Fashion,67,3.981751297528464,Yellow,S
158,Shoes,Adidas,Men's Fashion,88,2.923330927137081,Blue,M
159,Jeans,Nike,Kids' Fashion,50,2.241727301168485,Green,S
160,Shoes,Gucci,Women's Fashion,35,2.983802720525209,Black,L
161,Sweater,Adidas,Women's Fashion,67,4.735471556646834,Blue,M
162,T-shirt,Nike,Women's Fashion,48,2.9816414902965587,Red,L
163,Dress,Nike,Women's Fashion,93,4.268027667457275,Green,S
164,T-shirt,Nike,Men's Fashion,68,2.6365948985682017,Red,L
165,Jeans,Gucci,Women's Fashion,67,2.275472954296478,White,XL
166,Sweater,Adidas,Kids' Fashion,96,4.743823985146882,White,L
167,Shoes,Zara,Kids' Fashion,43,4.478061369681752,Blue,S
168,Sweater,Gucci,Women's Fashion,69,4.456580598642312,Green,XL
169,Shoes,Zara,Men's Fashion,98,1.0894623247655315,Black,XL
170,Sweater,Gucci,Men's Fashion,20,3.46519259419596,Yellow,M
171,Jeans,Nike,Men's Fashion,42,1.7678665213854097,Blue,S
172,Jeans,Zara,Women's Fashion,32,4.795455839373563,Yellow,M
173,Dress,Nike,Kids' Fashion,21,3.1017985541636333,Yellow,S
174,Jeans,Adidas,Kids' Fashion,80,3.3345388723020903,Black,M
175,Dress,Adidas,Men's Fashion,55,1.9132709342103411,Blue,S
176,Dress,H&M,Kids' Fashion,91,1.9981481322231769,Red,XL
177,Sweater,Nike,Kids' Fashion,12,4.567658316917139,Yellow,M
178,Jeans,Nike,Women's Fashion,26,1.6878695946892217,Red,XL
179,Shoes,Adidas,Kids' Fashion,53,1.0283230598341992,Blue,M
180,T-shirt,Zara,Kids' Fashion,43,2.366447234139604,Green,M
181,Shoes,H&M,Kids' Fashion,80,4.829054628124489,Black,L
182,Jeans,Zara,Men's Fashion,68,4.358912644717576,Yellow,L
183,Jeans,Zara,Kids' Fashion,67,2.6752319584021422,Black,M
184,Sweater,Zara,Women's Fashion,67,3.4485275944733207,Green,L
185,Sweater,Gucci,Men's Fashion,34,1.5653542085362844,Yellow,L
186,Jeans,Adidas,Men's Fashion,56,2.434972507006948,Blue,L
187,Jeans,Zara,Women's Fashion,36,3.043009202558116,Green,S
188,Shoes,Nike,Men's Fashion,44,4.359929898806648,Green,XL
189,Jeans,Adidas,Women's Fashion,15,3.4669204388660257,Blue,L
190,Sweater,Zara,Kids' Fashion,32,4.0330690744184015,Yellow,XL
191,T-shirt,Gucci,Kids' Fashion,95,3.23067766700609,Black,M
192,Sweater,Zara,Kids' Fashion,87,3.961569667170701,White,L
193,T-shirt,H&M,Women's Fashion,60,2.936956138973573,White,L
194,Sweater,Adidas,Women's Fashion,92,3.792556244059596,White,S
195,Shoes,Zara,Kids' Fashion,60,3.3448666838230343,White,L
196,Jeans,Gucci,Kids' Fashion,17,1.289426341691518,Red,M
197,Jeans,Nike,Kids' Fashion,90,2.2990341257073896,Yellow,XL
198,T-shirt,Zara,Men's Fashion,67,3.0321248414792685,Blue,XL
199,T-shirt,Zara,Women's Fashion,15,4.9806556343987305,Black,M
200,Sweater,H&M,Men's Fashion,45,4.1244272181603385,Black,S
201,Jeans,Zara,Women's Fashion,57,4.246084616936485,Yellow,M
202,Sweater,Nike,Men's Fashion,40,3.4955016049008285,Green,S
203,Jeans,Zara,Women's Fashion,75,1.876204845276109,Yellow,S
204,T-shirt,Zara,Kids' Fashion,81,1.8932431699654888,Black,M
205,T-shirt,H&M,Men's Fashion,73,2.9765631054892503,Yellow,XL
206,Jeans,Nike,Kids' Fashion,56,4.360464130624948,Yellow,XL
207,Sweater,Gucci,Kids' Fashion,53,2.7895407951799887,Black,M
208,Jeans,Zara,Men's Fashion,79,2.6711519717692216,White,M
209,Dress,H&M,Women's Fashion,30,1.0286698782988175,Black,XL
210,Jeans,Adidas,Women's Fashion,42,2.0490395950433924,Yellow,M
211,Jeans,Zara,Women's Fashion,50,3.1738270630273906,Green,L
212,T-shirt,Adidas,Women's Fashion,71,3.4395524353488987,White,S
213,Jeans,Zara,Women's Fashion,80,4.860237045131733,Yellow,XL
214,Dress,Adidas,Women's Fashion,98,1.793905201234702,Yellow,XL
215,T-shirt,Adidas,Men's Fashion,49,3.623237714218981,Yellow,S
216,Shoes,Gucci,Kids' Fashion,57,3.8824504946813096,White,M
217,Sweater,Gucci,Women's Fashion,98,1.438125731490036,Yellow,S
218,Sweater,Gucci,Men's Fashion,69,3.077033065769013,Red,M
219,Dress,H&M,Women's Fashion,97,1.9688359670657716,Green,S
220,T-shirt,H&M,Kids' Fashion,42,4.505382327331914,Blue,L
221,T-shirt,Adidas,Men's Fashion,49,2.8591785457881453,Black,L
222,Dress,Adidas,Kids' Fashion,36,1.1053187388647334,Yellow,S
223,Jeans,Gucci,Women's Fashion,73,2.970808688030995,White,XL
224,T-shirt,Adidas,Women's Fashion,88,1.7486279574238806,White,L
225,Dress,Nike,Men's Fashion,61,1.6351942155874275,Yellow,S
226,Sweater,H&M,Men's Fashion,16,2.431736481815157,Green,XL
227,Dress,Adidas,Kids' Fashion,20,4.144274439239306,Red,S
228,Shoes,H&M,Men's Fashion,15,1.967415572178569,Green,S
229,Shoes,Adidas,Kids' Fashion,65,1.8233129054424029,Red,XL
230,Shoes,Zara,Men's Fashion,82,4.592905503612744,Black,S
231,Dress,Zara,Women's Fashion,33,4.738404627787549,Red,L
232,Jeans,Zara,Men's Fashion,49,1.414358499717263,Red,S
233,Shoes,Nike,Kids' Fashion,39,4.706320333423921,Red,M
234,Sweater,H&M,Kids' Fashion,55,1.6990521973140904,White,S
235,Shoes,Zara,Women's Fashion,50,1.8145301271666143,Green,L
236,Shoes,Zara,Men's Fashion,44,1.7182978589840951,White,S
237,Shoes,Adidas,Men's Fashion,58,3.6620106291965024,White,S
238,Shoes,Adidas,Kids' Fashion,47,2.146848905757285,White,XL
239,Shoes,Gucci,Kids' Fashion,93,3.956210591357851,White,L
240,Dress,H&M,Men's Fashion,10,2.2345268528513578,Black,L
241,Jeans,Gucci,Men's Fashion,21,2.404954172174892,Green,S
242,Dress,H&M,Men's Fashion,52,4.128792274336508,Green,M
243,Shoes,H&M,Men's Fashion,79,1.0593185895156374,White,XL
244,Sweater,Zara,Women's Fashion,85,3.474621900383424,Blue,XL
245,Dress,H&M,Women's Fashion,15,2.333669709673072,Black,S
246,Jeans,Gucci,Kids' Fashion,68,3.184283802094046,Green,S
247,Shoes,Zara,Women's Fashion,72,2.2601921989303704,White,S
248,Sweater,Zara,Kids' Fashion,81,3.616173282778204,Red,M
249,Jeans,H&M,Kids' Fashion,41,1.8756187142979173,Black,XL
250,Dress,H&M,Women's Fashion,21,2.7725214471034425,Yellow,XL
251,Jeans,Gucci,Kids' Fashion,87,2.1932834273658703,White,L
252,Dress,H&M,Men's Fashion,25,1.659000334748932,Blue,L
253,T-shirt,Zara,Kids' Fashion,98,4.23682985311631,White,M
254,Jeans,Gucci,Kids' Fashion,15,1.393034744449516,Yellow,L
255,T-shirt,H&M,Kids' Fashion,81,2.550519354071389,Green,M
256,Jeans,Gucci,Kids' Fashion,86,2.0597694144917424,Blue,L
257,Shoes,Nike,Women's Fashion,82,3.481409233178037,Red,S
258,Dress,Gucci,Women's Fashion,14,3.563482805805457,Yellow,S
259,Shoes,Nike,Men's Fashion,27,2.504419165241355,White,L
260,Dress,Adidas,Kids' Fashion,59,4.154888891923636,Green,S
261,Dress,Zara,Men's Fashion,49,2.9810815810545708,Yellow,S
262,Jeans,Gucci,Women's Fashion,94,4.288581440201506,Blue,S
263,Jeans,Zara,Men's Fashion,71,4.053594853387537,Yellow,XL
264,Dress,Gucci,Women's Fashion,55,3.190616883631264,White,XL
265,T-shirt,H&M,Kids' Fashion,60,2.7467303554625904,Blue,XL
266,Jeans,Gucci,Kids' Fashion,62,2.3677625608105166,White,XL
267,Jeans,Adidas,Women's Fashion,53,4.4413371188881605,Black,S
268,Jeans,Adidas,Kids' Fashion,22,3.9395819315667513,Yellow,L
269,Shoes,H&M,Kids' Fashion,100,4.743391172218395,Black,S
270,Sweater,Adidas,Kids' Fashion,60,4.213088306604582,Blue,XL
271,Jeans,Nike,Men's Fashion,45,4.07521625877933,Blue,L
272,Dress,Nike,Kids' Fashion,95,2.311251112941413,White,M
273,Dress,Nike,Men's Fashion,29,1.7646092540562788,White,XL
274,Dress,Adidas,Women's Fashion,18,1.6572669608916375,Red,S
275,Jeans,Nike,Men's Fashion,93,3.809488549369063,Green,XL
276,Jeans,Nike,Men's Fashion,43,1.393377272783157,Yellow,M
277,Dress,H&M,Kids' Fashion,49,1.8898813636690384,White,M
278,Jeans,Gucci,Men's Fashion,98,2.9585049973107247,Black,L
279,Shoes,Adidas,Kids' Fashion,11,2.191241877131676,Yellow,M
280,Dress,Gucci,Kids' Fashion,19,2.1297317987919677,White,XL
281,Jeans,H&M,Women's Fashion,67,2.2565259336221293,Green,S
282,Jeans,Nike,Men's Fashion,75,1.2665901666885886,Black,M
283,Sweater,H&M,Men's Fashion,80,4.179828150021965,White,S
284,T-shirt,Zara,Men's Fashion,23,3.814152153793728,Black,S
285,Sweater,Nike,Women's Fashion,80,3.704188789710081,Yellow,L
286,T-shirt,H&M,Kids' Fashion,13,3.2360642783823703,White,XL
287,T-shirt,Zara,Kids' Fashion,62,4.537102678729776,Blue,XL
288,Sweater,Nike,Men's Fashion,38,2.108827714388503,Black,M
289,Sweater,Adidas,Kids' Fashion,18,2.805553333530071,Blue,M
290,Sweater,Zara,Men's Fashion,13,4.883941461573281,White,S
291,Dress,H&M,Women's Fashion,64,4.818010098109168,White,XL
292,T-shirt,Nike,Men's Fashion,63,3.075503825550362,Green,S
293,Sweater,Nike,Men's Fashion,96,2.7696609053376635,Black,XL
294,Dress,H&M,Women's Fashion,89,4.092572014583608,White,XL
295,Dress,H&M,Kids' Fashion,56,2.4245426247424477,Black,XL
296,T-shirt,H&M,Women's Fashion,25,4.10023032339017,White,S
297,Sweater,Gucci,Kids' Fashion,14,1.8779895082592104,Blue,XL
298,Shoes,Zara,Women's Fashion,14,1.416317140810032,Red,M
299,Shoes,Gucci,Kids' Fashion,21,2.9546026555101785,Green,S
300,Shoes,Adidas,Kids' Fashion,57,4.923508936133672,White,S
301,Shoes,Adidas,Kids' Fashion,93,2.0449924940500632,Yellow,M
302,T-shirt,Gucci,Kids' Fashion,37,4.903871565964996,White,M
303,Jeans,Gucci,Women's Fashion,94,3.6858621434119527,White,XL
304,Dress,Adidas,Women's Fashion,85,1.3003985626051704,Green,M
305,Shoes,H&M,Women's Fashion,90,2.330814131685098,White,L
306,T-shirt,Gucci,Men's Fashion,23,2.8006797532519627,Black,XL
307,Dress,Zara,Men's Fashion,11,3.88902225335098,Yellow,S
308,Jeans,Adidas,Men's Fashion,60,4.4221600804783545,Yellow,S
309,Jeans,Gucci,Kids' Fashion,17,3.754996802089696,Black,S
310,Jeans,H&M,Men's Fashion,83,3.945481348726717,White,XL
311,Jeans,Nike,Men's Fashion,55,4.803390239313735,Black,L
312,Jeans,Zara,Men's Fashion,45,2.927937578250864,White,S
313,Shoes,H&M,Women's Fashion,76,4.512074442396954,Green,XL
314,Jeans,Nike,Kids' Fashion,94,2.062362221473407,Red,L
315,Jeans,Nike,Kids' Fashion,56,1.217955460343093,White,XL
316,Jeans,H&M,Women's Fashion,68,2.0985010170637293,Red,S
317,Dress,Adidas,Women's Fashion,23,4.395249784950678,Red,XL
318,Sweater,Zara,Men's Fashion,49,1.1558698495007471,Yellow,S
319,Jeans,H&M,Men's Fashion,61,1.231913046074928,White,L
320,Sweater,H&M,Kids' Fashion,86,3.146928022843712,Yellow,L
321,Shoes,Gucci,Kids' Fashion,40,4.452209683354289,Red,S
322,Shoes,H&M,Kids' Fashion,18,1.7072254279225771,Red,M
323,Shoes,Zara,Women's Fashion,95,2.3261684524169715,Green,M
324,Sweater,Gucci,Men's Fashion,18,4.530634427162867,Black,XL
325,T-shirt,Nike,Men's Fashion,91,2.6680892078074705,Black,XL
326,Jeans,Zara,Men's Fashion,20,3.3138697518070765,Green,L
327,Dress,Adidas,Kids' Fashion,72,4.572943412760792,White,L
328,Jeans,Adidas,Kids' Fashion,12,1.2953162144142518,Blue,L
329,Jeans,Nike,Women's Fashion,56,3.736030130388548,Blue,XL
330,T-shirt,Zara,Men's Fashion,26,2.137827815116155,Blue,M
331,T-shirt,Adidas,Kids' Fashion,25,3.2729014263305336,Black,S
332,Shoes,Zara,Men's Fashion,75,3.149412945567453,Blue,M
333,Dress,H&M,Kids' Fashion,70,2.0424289871919465,Yellow,M
334,Sweater,Zara,Men's Fashion,16,1.855252274126113,Yellow,L
335,Sweater,Gucci,Men's Fashion,88,3.3966615634688773,Red,XL
336,T-shirt,Nike,Kids' Fashion,28,4.169716342983278,White,XL
337,Shoes,Nike,Women's Fashion,80,1.591559597927799,White,L
338,Sweater,Nike,Women's Fashion,70,1.4441987043717144,Blue,S
339,Dress,Gucci,Women's Fashion,74,1.8040174178378063,White,M
340,Sweater,Adidas,Women's Fashion,32,1.24647151363249,Blue,L
341,Jeans,Gucci,Men's Fashion,91,4.473672898105133,Red,XL
342,Sweater,Zara,Women's Fashion,27,3.9797174272472913,Yellow,S
343,T-shirt,Gucci,Women's Fashion,91,4.742029060404385,Yellow,XL
344,Dress,Nike,Kids' Fashion,44,3.873916154990273,Blue,L
345,Shoes,H&M,Kids' Fashion,67,1.420409071311115,Yellow,S
346,Jeans,Adidas,Kids' Fashion,19,4.829417307054634,Yellow,XL
347,Dress,H&M,Men's Fashion,18,1.110510847617889,Blue,XL
348,Shoes,Zara,Kids' Fashion,76,2.9157420591034118,Blue,XL
349,Dress,Adidas,Kids' Fashion,97,3.150290195689506,White,XL
350,Jeans,H&M,Kids' Fashion,80,2.797018295763922,Black,XL
351,Jeans,Nike,Women's Fashion,95,4.471219774888296,Red,XL
352,Dress,H&M,Men's Fashion,71,1.5032919398927622,Green,XL
353,Sweater,Nike,Women's Fashion,78,2.9122221673458943,Blue,M
354,Dress,Gucci,Men's Fashion,74,3.864665917264911,Red,M
355,Sweater,Nike,Kids' Fashion,43,2.4895505808124136,Red,XL
356,Dress,Zara,Kids' Fashion,68,4.330070804344967,Black,S
357,T-shirt,Adidas,Kids' Fashion,15,3.4120012288399155,Yellow,L
358,Shoes,Adidas,Men's Fashion,55,1.1749526479520285,Blue,XL
359,Dress,Nike,Kids' Fashion,68,4.449500337752415,Red,L
360,Sweater,H&M,Women's Fashion,24,2.257292487112441,Black,XL
361,Sweater,H&M,Kids' Fashion,62,1.760450533742448,Blue,XL
362,Jeans,Adidas,Men's Fashion,15,1.2812930533569915,Red,S
363,Jeans,Nike,Kids' Fashion,33,3.1428849870669957,Yellow,L
364,Jeans,Nike,Kids' Fashion,65,2.0404569623668447,Black,M
365,T-shirt,Nike,Men's Fashion,16,3.282472036892723,White,L
366,Dress,Nike,Women's Fashion,29,4.153341475721546,Yellow,L
367,Shoes,Nike,Women's Fashion,31,2.7106654151082084,Yellow,S
368,Shoes,Nike,Women's Fashion,35,1.541757712023375,Blue,XL
369,Shoes,Nike,Women's Fashion,96,3.795107582218228,Green,M
370,T-shirt,Nike,Kids' Fashion,58,2.6342443123316874,White,S
371,Dress,Nike,Women's Fashion,33,1.0810982815671255,White,XL
372,Dress,Nike,Men's Fashion,41,1.8439193609858444,White,S
373,T-shirt,Adidas,Men's Fashion,63,3.1531428229983547,Green,M
374,Jeans,Nike,Men's Fashion,20,1.4740252153688411,Black,S
375,Jeans,Zara,Women's Fashion,49,4.268766181323494,Blue,XL
376,Shoes,H&M,Kids' Fashion,22,3.8331598142926575,Green,S
377,Shoes,Zara,Women's Fashion,54,3.722545456144456,Black,L
378,T-shirt,Nike,Men's Fashion,45,3.5712699533249124,Red,S
379,Jeans,Nike,Women's Fashion,25,3.63755290273276,White,M
380,Dress,Gucci,Women's Fashion,23,1.2041756259931802,Red,XL
381,Shoes,H&M,Men's Fashion,23,3.324489276111087,Green,S
382,T-shirt,Gucci,Men's Fashion,93,3.584985286068869,Yellow,M
383,Jeans,H&M,Men's Fashion,86,2.5338537961633807,Black,L
384,Sweater,H&M,Kids' Fashion,84,1.4619140427922783,Black,L
385,Shoes,Gucci,Women's Fashion,35,3.6667200515347167,Yellow,L
386,Dress,Adidas,Women's Fashion,17,3.5783539485125164,Yellow,XL
387,Dress,Adidas,Women's Fashion,24,1.1699527477743614,Green,XL
388,T-shirt,H&M,Men's Fashion,86,4.117232750059591,Green,M
389,T-shirt,Zara,Women's Fashion,91,1.547099791359091,White,XL
390,Sweater,Adidas,Women's Fashion,86,4.448025481894307,Green,M
391,Dress,Gucci,Women's Fashion,25,3.8281848127805858,Blue,M
392,T-shirt,Zara,Men's Fashion,53,2.814820300461843,White,S
393,Shoes,H&M,Men's Fashion,32,1.7522184719051317,Black,M
394,T-shirt,Gucci,Men's Fashion,56,3.532018951236213,Yellow,M
395,Shoes,Nike,Women's Fashion,14,2.5907494190256406,Yellow,M
396,Shoes,Zara,Men's Fashion,74,2.865913132404481,Blue,M
397,Shoes,Zara,Kids' Fashion,94,1.5739434983982157,White,XL
398,T-shirt,H&M,Men's Fashion,16,2.1909533321531898,White,M
399,Dress,Adidas,Men's Fashion,37,2.6298403002831896,Yellow,L
400,Jeans,H&M,Women's Fashion,91,2.4347381893772657,Green,S
401,Jeans,Gucci,Women's Fashion,93,4.636617389662897,Green,S
402,Shoes,H&M,Women's Fashion,30,1.5036793599233174,Yellow,M
403,Shoes,Adidas,Men's Fashion,61,3.4857480490953003,Red,S
404,Shoes,Adidas,Men's Fashion,71,2.93889156216477,Green,M
405,Jeans,Adidas,Women's Fashion,30,2.67999252851008,Blue,S
406,Shoes,Nike,Men's Fashion,54,1.7513915812972516,Black,L
407,Shoes,Nike,Women's Fashion,78,3.5821012773746967,White,XL
408,Sweater,H&M,Men's Fashion,62,2.984203036362436,White,L
409,Shoes,Nike,Kids' Fashion,26,2.010899195833048,Red,S
410,Jeans,H&M,Kids' Fashion,64,4.723107547783871,Green,XL
411,Sweater,Nike,Men's Fashion,67,3.2636472587364875,Red,M
412,Shoes,Nike,Kids' Fashion,63,3.402409929588457,Black,XL
413,Jeans,Zara,Women's Fashion,21,4.849343339346474,Green,XL
414,Dress,Zara,Kids' Fashion,63,2.175163961532831,Black,XL
415,Jeans,H&M,Kids' Fashion,41,2.7288765346091584,Yellow,L
416,Sweater,H&M,Women's Fashion,92,3.2515158407055598,Blue,S
417,Shoes,H&M,Women's Fashion,88,2.8468915044211016,Red,S
418,Jeans,Zara,Men's Fashion,34,4.986091107444631,Blue,S
419,T-shirt,H&M,Kids' Fashion,72,3.30257564858351,Yellow,L
420,Jeans,Adidas,Men's Fashion,81,4.720487413126936,White,M
421,T-shirt,Nike,Kids' Fashion,89,1.6541333315922553,White,M
422,Dress,Nike,Kids' Fashion,20,2.1155797847759064,Blue,S
423,Jeans,Adidas,Men's Fashion,83,4.502435021051873,Black,M
424,Shoes,Adidas,Women's Fashion,45,3.055542338244526,Yellow,M
425,Jeans,Nike,Men's Fashion,96,3.8120856705559953,Blue,XL
426,Jeans,Zara,Men's Fashion,48,4.644768214952789,Black,L
427,T-shirt,Zara,Kids' Fashion,15,4.717963172509233,Yellow,XL
428,T-shirt,Gucci,Kids' Fashion,34,1.904094939025006,Green,M
429,Shoes,Gucci,Women's Fashion,94,3.828901926592884,Black,XL
430,T-shirt,Nike,Kids' Fashion,92,2.771944720999697,Black,S
431,Jeans,H&M,Kids' Fashion,18,2.6213904863913293,Green,S
432,Jeans,H&M,Kids' Fashion,55,2.2386216273604527,Blue,L
433,Jeans,H&M,Men's Fashion,59,3.87845410972745,Yellow,M
434,T-shirt,Zara,Kids' Fashion,22,1.7056582064104375,Yellow,M
435,T-shirt,Adidas,Men's Fashion,47,2.722706085435669,Blue,XL
436,T-shirt,Zara,Kids' Fashion,99,2.822618310932883,Black,XL
437,Shoes,Gucci,Men's Fashion,96,3.129701670696802,Green,XL
438,T-shirt,Adidas,Kids' Fashion,86,4.685958151653461,Yellow,XL
439,Jeans,Zara,Men's Fashion,20,2.5740779792568627,White,XL
440,Dress,Zara,Women's Fashion,83,4.720335237515362,White,L
441,Sweater,Adidas,Men's Fashion,50,1.8416056192273205,Black,XL
442,T-shirt,H&M,Men's Fashion,74,3.907727442310226,Red,S
443,Sweater,Gucci,Men's Fashion,11,3.021282847461632,White,L
444,Dress,Nike,Men's Fashion,31,1.5645708175729318,White,XL
445,Sweater,H&M,Kids' Fashion,74,4.199138753626619,Yellow,L
446,Shoes,Adidas,Kids' Fashion,91,1.129824851276771,Black,L
447,Shoes,H&M,Kids' Fashion,27,4.730448148414897,Yellow,XL
448,Shoes,Gucci,Kids' Fashion,53,2.1448474190296,Green,M
449,Shoes,H&M,Men's Fashion,82,4.547042541741298,Black,XL
450,Shoes,Nike,Kids' Fashion,59,4.326285345176918,Black,XL
451,T-shirt,Adidas,Kids' Fashion,69,2.978109187043206,Green,XL
452,Jeans,H&M,Kids' Fashion,11,3.702569195096641,Green,XL
453,Shoes,Nike,Men's Fashion,34,2.5738015876842444,Red,S
454,Shoes,Zara,Kids' Fashion,47,3.6658025844577673,White,L
455,T-shirt,Gucci,Women's Fashion,51,1.290974737347243,Blue,M
456,Shoes,Gucci,Men's Fashion,14,4.435460757041129,Blue,M
457,Jeans,Gucci,Women's Fashion,36,1.595981701591444,Green,M
458,T-shirt,Gucci,Kids' Fashion,18,1.1844500332003207,Black,L
459,Dress,Adidas,Kids' Fashion,10,2.342762727934474,Black,S
460,Jeans,H&M,Kids' Fashion,94,2.582289276418058,Black,L
461,Shoes,Zara,Kids' Fashion,93,1.0301270335362465,Red,M
462,Dress,Zara,Women's Fashion,34,2.02982036357802,Yellow,M
463,Dress,Adidas,Men's Fashion,25,3.1823244494605354,Blue,M
464,Shoes,Zara,Men's Fashion,74,1.3621575462332012,Green,L
465,T-shirt,Gucci,Women's Fashion,17,1.202302846194363,White,M
466,Sweater,H&M,Men's Fashion,37,1.06447859153281,Black,L
467,Jeans,Adidas,Women's Fashion,69,1.7953435567661875,Red,L
468,Dress,Zara,Women's Fashion,38,1.314761527708611,White,S
469,Dress,Nike,Women's Fashion,95,4.906295819601038,Yellow,XL
470,T-shirt,Adidas,Kids' Fashion,34,4.638343236370082,Blue,S
471,T-shirt,Nike,Women's Fashion,96,2.3192924301788524,Black,M
472,Jeans,Adidas,Women's Fashion,67,3.482992747973891,Green,L
473,Dress,Nike,Women's Fashion,51,1.688509534910141,Red,S
474,Dress,H&M,Kids' Fashion,68,1.3706615422107191,Yellow,L
475,Sweater,H&M,Men's Fashion,69,4.0741937037699305,Yellow,S
476,Shoes,H&M,Women's Fashion,70,4.077371639485593,White,XL
477,Sweater,Nike,Men's Fashion,30,1.559270898129546,Black,S
478,T-shirt,H&M,Women's Fashion,12,1.342996211976295,Green,L
479,Sweater,Nike,Men's Fashion,51,1.1975723059826162,Green,XL
480,Dress,Nike,Men's Fashion,70,1.79272710809258,Blue,XL
481,Jeans,Zara,Women's Fashion,24,1.671659400944899,Blue,XL
482,Dress,Gucci,Women's Fashion,97,3.57821856011162,Yellow,M
483,T-shirt,Zara,Women's Fashion,75,2.651376556909944,Black,XL
484,Sweater,Gucci,Men's Fashion,47,2.124746600420972,Red,XL
485,Dress,H&M,Women's Fashion,70,2.6381295770145043,Black,S
486,Jeans,Adidas,Women's Fashion,69,1.202709784321439,Yellow,L
487,T-shirt,Adidas,Women's Fashion,62,3.69895031182018,Blue,XL
488,Sweater,H&M,Men's Fashion,81,1.19499834878018,Yellow,XL
489,Dress,Adidas,Men's Fashion,37,3.5606684393497297,Black,M
490,T-shirt,Nike,Men's Fashion,41,1.9797044022936952,Green,L
491,Dress,Zara,Kids' Fashion,42,3.122132854612722,Black,M
492,Sweater,Zara,Kids' Fashion,69,1.378184911447914,Blue,M
493,Shoes,H&M,Kids' Fashion,88,3.126248292620187,White,XL
494,Sweater,Zara,Kids' Fashion,82,4.680935629078745,Green,M
495,Jeans,Nike,Women's Fashion,78,1.1296540071029817,Blue,S
496,T-shirt,Adidas,Kids' Fashion,59,1.7276955895208173,Green,L
497,Jeans,Gucci,Women's Fashion,30,3.697727095901658,Yellow,M
498,Dress,Zara,Men's Fashion,59,2.9859824140897167,Yellow,XL
499,Dress,Adidas,Kids' Fashion,93,2.6014024743552038,White,L
500,Shoes,Zara,Women's Fashion,88,1.7044395201145366,Red,M
501,Sweater,Adidas,Kids' Fashion,41,4.322167156198151,Green,S
502,Dress,Zara,Kids' Fashion,33,4.987964320970842,Blue,M
503,Sweater,Adidas,Kids' Fashion,16,4.534499079292976,White,XL
504,Sweater,Zara,Men's Fashion,22,2.096109251633728,Black,XL
505,Dress,Zara,Women's Fashion,75,1.7297821493407022,Black,S
506,Shoes,Nike,Women's Fashion,51,3.983456227013783,Blue,M
507,T-shirt,Zara,Women's Fashion,85,4.056667234732924,White,XL
508,Dress,Gucci,Men's Fashion,25,4.459064432526452,Blue,M
509,Dress,Gucci,Men's Fashion,28,1.9577097618973367,Blue,L
510,Shoes,Nike,Men's Fashion,60,3.108177745483727,Green,L
511,Jeans,H&M,Kids' Fashion,78,2.93007161400505,Black,S
512,Shoes,Nike,Men's Fashion,92,2.362367850261077,Blue,S
513,Jeans,Zara,Men's Fashion,65,4.061790921507698,Green,M
514,Dress,Adidas,Kids' Fashion,47,3.432789513884916,White,M
515,Dress,Nike,Kids' Fashion,64,3.748936698427991,White,S
516,Shoes,Gucci,Women's Fashion,33,1.6041588640383084,Red,S
517,T-shirt,Gucci,Men's Fashion,74,2.8489694583537952,Blue,M
518,Sweater,Gucci,Men's Fashion,56,2.580412062121995,Yellow,S
519,Sweater,Adidas,Women's Fashion,29,3.475022400933677,Blue,XL
520,Dress,Zara,Men's Fashion,13,3.070483461986028,Red,L
521,T-shirt,Adidas,Men's Fashion,19,3.256780571680539,White,M
522,Sweater,Adidas,Men's Fashion,80,2.9390797234183057,Yellow,S
523,Sweater,Gucci,Women's Fashion,71,1.224769959497188,Black,S
524,T-shirt,Nike,Kids' Fashion,47,1.9344500176750348,Black,S
525,T-shirt,Adidas,Kids' Fashion,58,2.443379935979906,Blue,M
526,Jeans,Zara,Women's Fashion,70,2.9296883485274963,Red,L
527,T-shirt,Nike,Kids' Fashion,31,4.14779066270218,Yellow,M
528,Shoes,Zara,Men's Fashion,33,2.7147621741886026,Black,M
529,Shoes,Gucci,Women's Fashion,59,1.995143535362487,White,L
530,Shoes,Adidas,Kids' Fashion,71,3.3564104018035827,Black,M
531,Dress,H&M,Women's Fashion,45,2.8930977062148844,Green,L
532,Shoes,Zara,Men's Fashion,21,2.066029253582321,Blue,L
533,Shoes,Nike,Kids' Fashion,11,4.825169004349863,Green,S
534,Dress,Adidas,Kids' Fashion,94,4.508485512596069,Yellow,M
535,Jeans,Nike,Women's Fashion,87,1.204241994898244,Red,L
536,Dress,H&M,Kids' Fashion,18,3.3474610739217217,Yellow,S
537,Jeans,Nike,Men's Fashion,68,2.4059670706428222,Red,M
538,Dress,Nike,Men's Fashion,94,2.3695275455416125,Blue,M
539,T-shirt,Nike,Kids' Fashion,10,3.10162343410321,Blue,L
540,Jeans,H&M,Kids' Fashion,80,1.1656149909013949,Yellow,M
541,Jeans,Nike,Women's Fashion,17,2.136926727091897,Green,S
542,Dress,Adidas,Men's Fashion,92,4.022021188026615,Red,S
543,Jeans,Gucci,Men's Fashion,86,4.165312333327837,Yellow,M
544,T-shirt,Nike,Women's Fashion,77,3.556866321338189,Red,L
545,Shoes,Zara,Men's Fashion,82,2.004271238180019,Red,XL
546,Shoes,Zara,Women's Fashion,93,1.3562617808119044,Red,L
547,Sweater,H&M,Kids' Fashion,89,2.544323557095194,Yellow,XL
548,Sweater,Zara,Kids' Fashion,65,1.4929925625271236,Red,M
549,Dress,Zara,Women's Fashion,96,4.283951139983333,Blue,XL
550,T-shirt,Nike,Men's Fashion,69,2.9282577428168195,Yellow,L
551,Jeans,H&M,Women's Fashion,83,4.073676651771997,Blue,M
552,Sweater,Adidas,Kids' Fashion,50,4.480168912504218,Blue,M
553,Shoes,Adidas,Men's Fashion,90,1.1984941197654535,Green,XL
554,Sweater,Adidas,Men's Fashion,51,4.096963788638659,Blue,L
555,T-shirt,Adidas,Women's Fashion,67,3.936087108680365,Blue,L
556,T-shirt,H&M,Women's Fashion,39,2.600749075535833,Red,L
557,Shoes,Adidas,Women's Fashion,85,1.5020219983988097,Black,M
558,Jeans,Adidas,Women's Fashion,23,2.0266822697055797,Red,XL
559,Shoes,Gucci,Women's Fashion,10,4.233459275828356,Red,XL
560,Dress,Adidas,Women's Fashion,99,1.002064068673565,Red,XL
561,Shoes,Zara,Men's Fashion,96,3.968456344675378,Yellow,M
562,T-shirt,Zara,Kids' Fashion,29,4.440105990803638,Green,L
563,Shoes,Adidas,Men's Fashion,39,4.043087202994669,Blue,XL
564,Shoes,Adidas,Kids' Fashion,31,4.563265489529814,Blue,M
565,Sweater,Nike,Kids' Fashion,11,2.5928850494829168,White,L
566,Dress,Gucci,Kids' Fashion,80,4.024158908237746,White,M
567,Dress,Zara,Kids' Fashion,96,1.2067229460310762,Black,M
568,Sweater,Gucci,Kids' Fashion,20,3.492861270836571,Red,L
569,Dress,Nike,Kids' Fashion,55,4.239391099321933,Blue,XL
570,T-shirt,Adidas,Women's Fashion,54,1.452466381841047,Black,S
571,Jeans,Nike,Men's Fashion,23,2.6192183691043205,Red,M
572,Sweater,H&M,Men's Fashion,63,4.051564760911642,Blue,S
573,Shoes,Zara,Kids' Fashion,78,3.401509067928137,White,L
574,Jeans,Gucci,Women's Fashion,92,4.491894014291022,Black,L
575,T-shirt,H&M,Kids' Fashion,72,4.755480007672844,White,L
576,T-shirt,H&M,Women's Fashion,26,3.089887684926298,White,S
577,T-shirt,H&M,Women's Fashion,66,2.1606955120415234,White,M
578,Dress,Gucci,Women's Fashion,48,3.121693130994281,Green,L
579,Shoes,Gucci,Women's Fashion,57,4.985949918767776,White,XL
580,Shoes,Adidas,Men's Fashion,92,2.494203848358386,Green,S
581,Sweater,Zara,Men's Fashion,83,4.715188838618067,Red,L
582,Dress,Zara,Men's Fashion,70,2.2431035471118395,White,M
583,Dress,H&M,Kids' Fashion,64,4.454992310265407,Green,L
584,T-shirt,Gucci,Women's Fashion,17,2.63550072139775,Black,S
585,Jeans,Adidas,Women's Fashion,68,3.5916888409866767,Yellow,M
586,Sweater,Nike,Kids' Fashion,99,2.280076388926437,Yellow,M
587,T-shirt,Adidas,Women's Fashion,50,1.2529617272688585,Blue,XL
588,T-shirt,Gucci,Kids' Fashion,24,3.411287732023826,White,S
589,T-shirt,Adidas,Women's Fashion,99,1.0242497517145526,Red,L
590,T-shirt,Nike,Kids' Fashion,65,2.4293298390384206,Green,L
591,Jeans,Gucci,Women's Fashion,97,2.036236384768328,White,M
592,Jeans,Nike,Kids' Fashion,47,1.7590751533021205,Yellow,M
593,Sweater,H&M,Men's Fashion,89,3.1455191481223097,White,S
594,Sweater,Nike,Kids' Fashion,86,3.842198105236463,Yellow,S
595,T-shirt,Gucci,Women's Fashion,96,3.633088055124007,Blue,S
596,Dress,H&M,Women's Fashion,35,3.939543887889841,Black,L
597,Jeans,H&M,Men's Fashion,38,3.2439759020490424,Blue,M
598,Shoes,Gucci,Women's Fashion,77,1.4264405009787162,Yellow,XL
599,T-shirt,H&M,Men's Fashion,80,4.46590120785099,Green,S
600,T-shirt,Adidas,Men's Fashion,97,1.4973990159023316,Yellow,M
601,Dress,Adidas,Women's Fashion,44,1.0347072487833082,White,L
602,Sweater,Zara,Women's Fashion,11,4.34286438934025,White,L
603,Dress,Zara,Kids' Fashion,13,2.03098840339048,Black,S
604,T-shirt,Gucci,Men's Fashion,10,3.9765006942974335,Yellow,S
605,Jeans,Adidas,Women's Fashion,62,2.901295957009731,Red,S
606,Dress,Nike,Women's Fashion,28,4.214703599908896,White,S
607,T-shirt,Nike,Women's Fashion,55,1.1788030981565618,Yellow,S
608,T-shirt,H&M,Women's Fashion,51,2.7110812194367973,Blue,M
609,Sweater,Adidas,Kids' Fashion,75,4.785525240759863,Red,S
610,Shoes,H&M,Women's Fashion,62,2.5328562118891824,Green,M
611,Shoes,Gucci,Kids' Fashion,85,2.032281097179503,White,L
612,Shoes,Zara,Men's Fashion,27,2.269794298996219,Blue,XL
613,Jeans,Gucci,Women's Fashion,37,4.652599021987508,Black,XL
614,Sweater,Gucci,Men's Fashion,47,1.350981011154583,Green,L
615,T-shirt,Nike,Kids' Fashion,67,2.894450299921472,Red,L
616,Dress,Zara,Women's Fashion,98,4.871838867222296,Red,M
617,Jeans,Adidas,Kids' Fashion,77,1.702611669239405,Black,XL
618,Shoes,Gucci,Kids' Fashion,85,4.728247063334171,Green,L
619,T-shirt,Nike,Women's Fashion,97,1.288444339680079,Blue,M
620,Sweater,Nike,Kids' Fashion,37,3.4621543782315536,White,XL
621,Shoes,H&M,Men's Fashion,72,2.6500838926647985,Yellow,S
622,T-shirt,Nike,Men's Fashion,45,3.7846314135843233,Red,XL
623,Shoes,Adidas,Kids' Fashion,62,1.6105051313860996,Green,L
624,T-shirt,Nike,Women's Fashion,70,4.450171664877935,White,L
625,Shoes,Adidas,Kids' Fashion,78,3.4525323674615795,Black,L
626,Jeans,Adidas,Men's Fashion,29,4.18033034240844,Yellow,S
627,T-shirt,Adidas,Men's Fashion,94,1.8716496105038989,Green,M
628,Sweater,Nike,Women's Fashion,64,3.8126764367057873,Red,S
629,Shoes,Gucci,Men's Fashion,95,3.579320091965556,White,M
630,T-shirt,Nike,Women's Fashion,84,1.6614612903928974,White,XL
631,T-shirt,Zara,Kids' Fashion,32,4.197234004324763,White,S
632,Dress,Zara,Kids' Fashion,66,3.755337679891101,Yellow,M
633,Dress,Nike,Women's Fashion,72,3.751515852459196,Red,L
634,Shoes,Nike,Kids' Fashion,27,1.2952964188326406,Yellow,S
635,Jeans,Adidas,Women's Fashion,29,2.2350569966689218,Yellow,XL
636,Shoes,Gucci,Kids' Fashion,96,4.6022106490577865,Yellow,L
637,Shoes,Zara,Kids' Fashion,55,3.770055014681934,Green,S
638,Sweater,Adidas,Men's Fashion,22,4.9052804605304665,White,M
639,Shoes,Zara,Men's Fashion,26,3.5524714785499576,Blue,L
640,T-shirt,Zara,Kids' Fashion,72,2.7514166708130268,Red,S
641,Shoes,Zara,Kids' Fashion,20,1.985714887523942,White,M
642,T-shirt,Gucci,Kids' Fashion,22,4.965199288819955,Black,S
643,T-shirt,Zara,Kids' Fashion,42,4.62809881985902,Black,L
644,Shoes,H&M,Kids' Fashion,79,1.0745667225897506,White,M
645,T-shirt,Zara,Kids' Fashion,98,4.696076856201794,Black,S
646,Sweater,Zara,Men's Fashion,36,2.8142334990659794,Green,M
647,Shoes,Adidas,Women's Fashion,60,1.6159672371990217,Black,M
648,T-shirt,Gucci,Men's Fashion,20,3.260638818293495,White,L
649,T-shirt,Gucci,Women's Fashion,76,2.4414806576875763,Red,S
650,Dress,Gucci,Women's Fashion,99,4.3090895745756175,Green,M
651,Shoes,Gucci,Men's Fashion,16,1.0050871518547542,Yellow,XL
652,Jeans,Zara,Kids' Fashion,74,1.0625071762655964,Yellow,L
653,Dress,Gucci,Kids' Fashion,17,4.811990498153584,Red,L
654,Shoes,Zara,Kids' Fashion,42,4.276502785887214,Blue,S
655,T-shirt,Zara,Men's Fashion,33,1.999312310266624,Black,S
656,Jeans,Nike,Men's Fashion,79,4.660541004440319,White,M
657,Jeans,Nike,Men's Fashion,87,2.0975454829088958,Yellow,L
658,Jeans,Adidas,Women's Fashion,40,3.252305172159593,Green,L
659,Shoes,Zara,Women's Fashion,21,1.024989525670207,White,M
660,Dress,Adidas,Kids' Fashion,41,2.689886463072138,Blue,S
661,Jeans,Gucci,Kids' Fashion,71,1.5336121410042902,Blue,XL
662,Dress,Nike,Women's Fashion,14,3.4567401113945544,Black,S
663,Sweater,Zara,Women's Fashion,52,1.1949642031700618,Black,L
664,Shoes,H&M,Kids' Fashion,28,4.464839094994941,White,L
665,T-shirt,H&M,Women's Fashion,25,3.1717470470668934,Red,S
666,T-shirt,H&M,Women's Fashion,76,1.938962642091928,Black,S
667,Shoes,Nike,Kids' Fashion,64,1.0982353157898852,Blue,XL
668,Shoes,Zara,Men's Fashion,11,1.8422788671618355,White,S
669,Shoes,Adidas,Women's Fashion,66,2.92974159743459,White,L
670,T-shirt,Gucci,Men's Fashion,55,4.268877637646993,Yellow,M
671,Dress,Adidas,Women's Fashion,16,3.234874806884243,Blue,L
672,Sweater,Zara,Kids' Fashion,93,2.958262821752012,Blue,M
673,T-shirt,Gucci,Kids' Fashion,83,3.1840131431574275,Yellow,M
674,Shoes,Adidas,Kids' Fashion,72,1.947337779231864,Green,L
675,Sweater,Nike,Kids' Fashion,29,1.398131792409376,Green,XL
676,Shoes,Nike,Women's Fashion,11,2.779424044771708,Black,L
677,Shoes,Gucci,Women's Fashion,68,4.565208378666075,Blue,L
678,Dress,H&M,Men's Fashion,85,2.8629809334068224,Black,L
679,Jeans,Adidas,Kids' Fashion,19,1.179131481313553,Yellow,L
680,Dress,Nike,Women's Fashion,55,4.049538098056264,Red,XL
681,Shoes,Zara,Kids' Fashion,24,3.809658143846299,Black,L
682,Jeans,Adidas,Women's Fashion,52,4.351322209527126,Blue,XL
683,Jeans,Gucci,Men's Fashion,31,2.4103074868321754,White,XL
684,Dress,Adidas,Women's Fashion,12,3.9413154716573753,White,S
685,Jeans,Nike,Men's Fashion,19,1.269435004559401,White,M
686,Jeans,H&M,Women's Fashion,75,2.9465056423202856,Green,M
687,Sweater,H&M,Kids' Fashion,74,4.174085420293045,Blue,L
688,Sweater,H&M,Kids' Fashion,91,1.3736199668115423,White,XL
689,Jeans,H&M,Kids' Fashion,32,3.221341779752774,Black,L
690,Jeans,H&M,Kids' Fashion,34,2.152949486013709,White,L
691,T-shirt,Adidas,Kids' Fashion,13,3.268427817311049,Blue,XL
692,Dress,Nike,Women's Fashion,39,4.70535477909077,Red,XL
693,Shoes,Nike,Men's Fashion,62,2.5543032033922044,Green,L
694,T-shirt,Adidas,Kids' Fashion,51,2.0500639939058307,Red,L
695,Dress,Zara,Women's Fashion,78,4.734713083950378,Red,XL
696,Sweater,Adidas,Men's Fashion,39,4.5927665608080135,Green,XL
697,T-shirt,Nike,Women's Fashion,99,4.804098158293213,Green,L
698,Sweater,Zara,Men's Fashion,85,1.8043967645785437,White,XL
699,T-shirt,Adidas,Men's Fashion,50,1.6536231320458272,Green,S
700,Dress,H&M,Women's Fashion,78,4.8246492753207,Yellow,S
701,Jeans,Nike,Women's Fashion,17,2.258849244950669,Blue,XL
702,Shoes,Gucci,Kids' Fashion,58,4.794781603103964,Blue,L
703,Shoes,Gucci,Men's Fashion,21,3.4251803311051345,Blue,S
704,T-shirt,Adidas,Kids' Fashion,38,4.9796782936579325,Green,M
705,Dress,Nike,Kids' Fashion,67,2.1969046712990146,Black,L
706,Jeans,Gucci,Women's Fashion,69,1.0500462578370575,Green,S
707,Dress,Adidas,Women's Fashion,68,4.295812637312633,Green,M
708,T-shirt,Nike,Kids' Fashion,76,4.448919722567996,Black,M
709,T-shirt,Adidas,Men's Fashion,53,1.683155281482577,White,XL
710,Sweater,Zara,Men's Fashion,58,2.169090130844664,Red,S
711,Jeans,Adidas,Men's Fashion,34,3.4839397351205137,Red,M
712,Shoes,Gucci,Kids' Fashion,100,4.610941929179471,Green,S
713,Jeans,Gucci,Men's Fashion,75,4.44012016300772,Blue,XL
714,Shoes,Zara,Men's Fashion,35,2.491495140678589,White,S
715,Shoes,Nike,Women's Fashion,84,4.868671075928118,Yellow,L
716,Shoes,Adidas,Men's Fashion,68,3.9283382928868336,Red,S
717,Sweater,Nike,Women's Fashion,34,4.22690922306324,Yellow,M
718,T-shirt,Zara,Women's Fashion,30,1.373331833878399,White,L
719,Dress,H&M,Women's Fashion,34,1.9399615985868688,Blue,M
720,Shoes,Adidas,Men's Fashion,27,2.573743469300905,Black,S
721,Shoes,Zara,Kids' Fashion,77,2.2061699390445635,Blue,M
722,Dress,Adidas,Women's Fashion,73,3.957991510673311,Blue,L
723,T-shirt,Nike,Men's Fashion,97,1.109084447881032,White,S
724,Shoes,Adidas,Women's Fashion,57,3.16532405890063,Yellow,S
725,Jeans,Gucci,Women's Fashion,12,3.805121225728592,Black,XL
726,T-shirt,Nike,Men's Fashion,10,3.206257441855496,Red,XL
727,Jeans,Adidas,Women's Fashion,11,4.420346267104071,White,S
728,Dress,Zara,Men's Fashion,63,2.409415897427331,Yellow,S
729,Sweater,Gucci,Kids' Fashion,10,2.7286888209350737,Yellow,XL
730,Jeans,Zara,Kids' Fashion,68,1.6073116824226394,Green,M
731,Sweater,Adidas,Men's Fashion,62,4.898212137949798,White,XL
732,Shoes,Zara,Women's Fashion,28,2.6450588124304923,Blue,S
733,Sweater,Adidas,Women's Fashion,75,4.891155555210273,Black,M
734,Dress,Zara,Women's Fashion,80,1.5925635946790164,Blue,XL
735,Sweater,H&M,Men's Fashion,28,3.902509392279671,Yellow,L
736,T-shirt,Adidas,Men's Fashion,94,2.7616943109060967,White,L
737,T-shirt,Adidas,Kids' Fashion,78,1.1267956152974978,Blue,S
738,Jeans,H&M,Men's Fashion,100,1.0338431929963692,Blue,L
739,Sweater,Gucci,Kids' Fashion,80,1.23081761173739,Red,M
740,Dress,Nike,Women's Fashion,72,3.691134961355608,White,XL
741,Shoes,Nike,Women's Fashion,81,3.3868368182647823,Blue,XL
742,Dress,H&M,Men's Fashion,85,3.462802611159326,Yellow,L
743,Jeans,H&M,Women's Fashion,55,1.729135622303739,Red,XL
744,Shoes,Zara,Men's Fashion,97,2.999073582628465,Black,XL
745,Sweater,Zara,Men's Fashion,40,3.753972994332569,Blue,L
746,Shoes,Gucci,Kids' Fashion,21,1.2506412464341623,Black,S
747,Jeans,Adidas,Kids' Fashion,73,1.41973993323154,White,XL
748,Sweater,Zara,Kids' Fashion,45,3.346345375193649,Red,S
749,Shoes,Gucci,Women's Fashion,43,2.386806405486635,Black,L
750,Shoes,Nike,Kids' Fashion,57,3.727593991354872,Red,L
751,Jeans,Gucci,Kids' Fashion,72,2.097525173219469,Blue,S
752,Dress,Gucci,Men's Fashion,72,1.9733009657894285,Blue,L
753,Jeans,Zara,Kids' Fashion,86,4.2090982166451685,Yellow,S
754,Jeans,Gucci,Kids' Fashion,79,1.8938237440768175,Red,L
755,T-shirt,Zara,Women's Fashion,90,3.4672099396707865,White,S
756,Jeans,Adidas,Men's Fashion,34,1.669924032380525,Black,XL
757,Shoes,Gucci,Kids' Fashion,61,4.188203485333442,Black,L
758,Jeans,Nike,Women's Fashion,51,4.222293805556814,Green,M
759,Shoes,Gucci,Kids' Fashion,65,1.8292858750432148,Black,S
760,Jeans,Nike,Women's Fashion,57,3.458410207272511,Green,S
761,Dress,H&M,Men's Fashion,92,3.643455853546427,Black,L
762,Jeans,Nike,Kids' Fashion,50,3.804358643524517,Blue,XL
763,T-shirt,Nike,Men's Fashion,25,2.0855466420967725,Green,S
764,Dress,H&M,Women's Fashion,30,2.0614920730034725,Black,M
765,Sweater,H&M,Kids' Fashion,86,4.826714567008198,Blue,S
766,Jeans,Zara,Men's Fashion,40,4.461908067214153,Green,M
767,Shoes,H&M,Men's Fashion,72,4.630137819988413,Yellow,L
768,Shoes,H&M,Women's Fashion,95,4.599817817388383,White,M
769,Sweater,Zara,Men's Fashion,28,4.47617222178992,White,S
770,T-shirt,H&M,Kids' Fashion,14,4.680516842481243,Yellow,S
771,T-shirt,Zara,Men's Fashion,82,1.5658426086441128,Red,XL
772,Shoes,Gucci,Men's Fashion,24,4.773680198551219,Black,XL
773,Shoes,Nike,Women's Fashion,74,2.5048761629214176,Black,XL
774,Dress,H&M,Men's Fashion,94,2.9773552563375367,White,L
775,Dress,H&M,Men's Fashion,60,3.201146072539632,White,M
776,Dress,Nike,Men's Fashion,86,2.21938430393718,Red,M
777,Jeans,Adidas,Kids' Fashion,88,1.7981290963364325,Green,M
778,Dress,Nike,Kids' Fashion,80,3.975467677830078,White,L
779,Jeans,Nike,Kids' Fashion,94,3.7260358743068207,Yellow,XL
780,T-shirt,Gucci,Kids' Fashion,89,1.7214787839333945,Blue,XL
781,Sweater,Nike,Men's Fashion,85,4.828402784929459,Green,L
782,T-shirt,Adidas,Men's Fashion,31,1.9480869398705123,White,M
783,Jeans,H&M,Women's Fashion,59,2.197254325025513,Red,S
784,Sweater,Zara,Men's Fashion,46,3.0739062223182816,White,M
785,T-shirt,H&M,Men's Fashion,57,1.2698340276554738,Red,S
786,T-shirt,H&M,Kids' Fashion,73,3.958356667730027,White,L
787,Dress,H&M,Women's Fashion,96,3.255146989828646,Blue,XL
788,Jeans,Adidas,Kids' Fashion,74,3.1438729248635977,Red,S
789,Jeans,Nike,Women's Fashion,99,2.51420491178642,Yellow,XL
790,Shoes,Adidas,Men's Fashion,34,1.0985673797241886,Red,S
791,Jeans,Gucci,Women's Fashion,58,3.648417121296503,Green,L
792,Sweater,Adidas,Kids' Fashion,88,4.645175946919393,Yellow,XL
793,T-shirt,Zara,Kids' Fashion,82,1.3204700723008638,Black,XL
794,Jeans,H&M,Women's Fashion,68,4.293960350544236,Black,M
795,Jeans,Gucci,Kids' Fashion,30,1.4819665724485276,Black,S
796,Jeans,H&M,Women's Fashion,86,1.856397460211856,Black,M
797,Sweater,H&M,Kids' Fashion,62,1.117533503515248,Red,XL
798,Jeans,H&M,Kids' Fashion,75,1.7967267212576012,Blue,M
799,Shoes,Adidas,Men's Fashion,20,2.3278871226154085,Yellow,XL
800,T-shirt,H&M,Men's Fashion,38,4.782806321628216,Red,S
801,Jeans,Zara,Men's Fashion,39,3.513026866310333,Black,XL
802,Shoes,Gucci,Men's Fashion,26,2.64295286344516,Green,XL
803,Sweater,Nike,Men's Fashion,13,1.6154252144956214,Blue,XL
804,T-shirt,Zara,Kids' Fashion,91,2.6307266412853325,Black,M
805,Dress,H&M,Men's Fashion,84,3.3897458628353414,Blue,XL
806,Jeans,Zara,Women's Fashion,11,3.7786305270389233,Green,L
807,Jeans,Zara,Men's Fashion,31,2.003227448848981,Blue,S
808,T-shirt,Adidas,Women's Fashion,26,4.324805158780109,Yellow,L
809,Jeans,Adidas,Men's Fashion,22,3.1425952778540425,White,XL
810,Jeans,Zara,Kids' Fashion,39,1.0669133706371694,Black,M
811,Jeans,Gucci,Kids' Fashion,63,1.8430967807499488,White,M
812,Dress,Nike,Women's Fashion,23,1.1767334992926166,Blue,M
813,Sweater,Zara,Men's Fashion,97,3.0508326297176045,Blue,M
814,Sweater,Zara,Women's Fashion,48,2.7959801706610983,Yellow,XL
815,Sweater,Zara,Women's Fashion,16,3.127369463710594,Black,S
816,Jeans,Nike,Kids' Fashion,86,1.09083862383619,Blue,XL
817,T-shirt,Adidas,Kids' Fashion,15,1.1605006718708668,Black,XL
818,Dress,Nike,Women's Fashion,36,4.02293820181525,Blue,L
819,T-shirt,Zara,Men's Fashion,41,3.443916707036098,White,XL
820,T-shirt,Nike,Women's Fashion,49,3.159661540408299,White,L
821,Dress,H&M,Women's Fashion,30,3.637743931369832,Blue,XL
822,T-shirt,Gucci,Kids' Fashion,48,4.743995465955004,Green,XL
823,T-shirt,H&M,Kids' Fashion,77,2.883007250473137,White,L
824,Shoes,Zara,Women's Fashion,17,1.080282826533863,White,L
825,T-shirt,Zara,Men's Fashion,12,1.8513957128994625,White,M
826,Shoes,Adidas,Women's Fashion,92,4.775265822835174,Red,S
827,Shoes,Nike,Women's Fashion,92,1.7803086713602094,Red,XL
828,Sweater,H&M,Women's Fashion,29,4.401707974274554,Green,S
829,Dress,Adidas,Men's Fashion,19,4.2570846480415545,Black,XL
830,Jeans,Gucci,Kids' Fashion,54,3.729791859161868,Green,S
831,Jeans,Gucci,Kids' Fashion,37,2.548301228789525,Black,S
832,Jeans,Nike,Women's Fashion,87,2.3573407480614743,Blue,L
833,Sweater,H&M,Kids' Fashion,82,1.1000558840751022,Yellow,L
834,Shoes,H&M,Women's Fashion,98,3.77632476171058,Yellow,S
835,T-shirt,Nike,Kids' Fashion,84,2.891092635051421,Yellow,XL
836,Jeans,Gucci,Women's Fashion,21,4.24899805965906,White,L
837,Shoes,Nike,Kids' Fashion,50,2.406013133937443,Black,M
838,Jeans,Zara,Men's Fashion,60,2.6772891068056395,Blue,S
839,Dress,Nike,Kids' Fashion,68,2.655170363155884,Blue,S
840,Shoes,Zara,Kids' Fashion,84,3.154720588404741,Red,S
841,Dress,Zara,Men's Fashion,37,3.0051642079844783,Blue,M
842,Jeans,Adidas,Men's Fashion,44,3.0622732805232724,White,XL
843,Shoes,Nike,Kids' Fashion,91,2.723012963579289,Red,M
844,Sweater,Zara,Kids' Fashion,11,2.8851093739325293,Blue,M
845,Sweater,Gucci,Men's Fashion,92,2.1024246005977343,Green,M
846,T-shirt,Nike,Kids' Fashion,26,4.304919133983496,Yellow,M
847,T-shirt,Gucci,Women's Fashion,10,1.3749819296285328,Green,S
848,Shoes,Nike,Kids' Fashion,31,3.763596384540637,White,L
849,Dress,Nike,Kids' Fashion,60,3.6429906907382974,Green,S
850,T-shirt,Nike,Kids' Fashion,73,1.270582725054258,Yellow,L
851,Jeans,Nike,Men's Fashion,46,2.685204468362614,Yellow,XL
852,Jeans,H&M,Kids' Fashion,83,3.0112484967640607,Red,XL
853,Dress,H&M,Kids' Fashion,20,3.009772948321204,Green,L
854,T-shirt,Adidas,Kids' Fashion,83,3.709391012428488,Green,M
855,Jeans,H&M,Kids' Fashion,88,1.9022367224903864,Red,L
856,Jeans,Gucci,Women's Fashion,93,1.8010346338961636,Green,XL
857,Dress,H&M,Men's Fashion,93,4.350896543360726,Blue,M
858,T-shirt,Zara,Kids' Fashion,96,4.451841228617943,Yellow,M
859,T-shirt,Adidas,Women's Fashion,44,1.4002166758874734,Red,L
860,Dress,Nike,Kids' Fashion,43,4.027847421729146,Blue,S
861,Shoes,Gucci,Men's Fashion,98,4.660135925497219,White,XL
862,Sweater,Adidas,Kids' Fashion,14,1.57892056272944,Blue,S
863,Shoes,Gucci,Men's Fashion,99,1.4330252244999713,Red,S
864,Sweater,Nike,Men's Fashion,48,3.94094596820846,Yellow,L
865,Jeans,Gucci,Women's Fashion,80,1.6728649930714936,Yellow,M
866,Shoes,H&M,Men's Fashion,66,4.550095005978127,White,S
867,Jeans,Nike,Men's Fashion,90,4.235108869512084,Black,S
868,Sweater,Gucci,Kids' Fashion,72,3.9294719588990894,Red,L
869,Jeans,Zara,Men's Fashion,100,1.839078604510107,Black,XL
870,Jeans,Nike,Kids' Fashion,26,2.7080091380488724,Yellow,S
871,Shoes,H&M,Men's Fashion,66,2.6223709153220285,White,XL
872,Jeans,H&M,Women's Fashion,96,4.646393153602185,Black,M
873,T-shirt,Gucci,Kids' Fashion,27,3.338711160454985,Red,L
874,Dress,Gucci,Kids' Fashion,45,4.163516573017342,Yellow,XL
875,Jeans,Adidas,Kids' Fashion,52,3.275055379255416,Black,L
876,Dress,Nike,Kids' Fashion,82,1.2981686337719855,Green,M
877,Sweater,Zara,Women's Fashion,29,4.5004308727166284,Red,L
878,Sweater,Nike,Women's Fashion,59,4.023961130050301,Yellow,XL
879,T-shirt,Nike,Kids' Fashion,67,4.3014616705889335,Red,S
880,Sweater,Zara,Kids' Fashion,48,1.9378068143090597,White,L
881,Shoes,H&M,Men's Fashion,20,2.763920221496355,Red,XL
882,Sweater,Gucci,Women's Fashion,57,2.4145047667618638,Yellow,XL
883,Shoes,Nike,Kids' Fashion,49,1.9337976626029565,Yellow,L
884,Dress,Zara,Men's Fashion,51,2.894494254484225,Green,L
885,T-shirt,Zara,Kids' Fashion,94,3.031971531896187,White,XL
886,Dress,Gucci,Men's Fashion,27,3.416143045780282,Blue,M
887,Sweater,Adidas,Men's Fashion,88,3.645241825230726,Blue,XL
888,Sweater,Gucci,Kids' Fashion,73,4.953445889820932,Blue,S
889,Shoes,Adidas,Kids' Fashion,25,4.596019469844858,Yellow,XL
890,T-shirt,H&M,Men's Fashion,42,1.04110632448713,Black,M
891,Dress,H&M,Women's Fashion,84,1.444006995711216,White,XL
892,T-shirt,Adidas,Women's Fashion,62,3.942359066241472,Blue,M
893,Shoes,H&M,Kids' Fashion,76,2.072747671924219,Red,S
894,Shoes,Adidas,Men's Fashion,37,1.4113573958981478,Black,S
895,Jeans,Gucci,Women's Fashion,88,2.1043282771105507,Yellow,L
896,Jeans,Gucci,Men's Fashion,80,4.369727156652768,Black,S
897,Jeans,H&M,Women's Fashion,22,3.816709538284177,White,S
898,Dress,Nike,Women's Fashion,44,4.21062020474198,Green,M
899,Shoes,Gucci,Men's Fashion,85,2.4017897775191543,Red,XL
900,T-shirt,Nike,Men's Fashion,91,1.6081447651913567,Blue,XL
901,Jeans,Zara,Men's Fashion,41,4.640523706049213,Red,XL
902,Shoes,Gucci,Women's Fashion,40,3.1874602653963757,Black,XL
903,Sweater,Nike,Women's Fashion,99,2.1908077348511608,Yellow,M
904,Sweater,Zara,Women's Fashion,27,1.766195133761789,Yellow,M
905,Jeans,Nike,Women's Fashion,83,1.0503324676804544,Red,XL
906,Shoes,Nike,Kids' Fashion,23,2.5470224755839097,Yellow,M
907,T-shirt,Adidas,Men's Fashion,27,1.5733527814685797,Yellow,L
908,Shoes,Zara,Kids' Fashion,36,3.1944873957491,White,M
909,Jeans,Nike,Women's Fashion,32,3.3256505576714024,Green,XL
910,Sweater,Adidas,Kids' Fashion,34,1.2026522123965375,Green,S
911,Jeans,Nike,Kids' Fashion,89,2.099922459991689,White,S
912,Dress,Adidas,Men's Fashion,22,3.287389527049684,Blue,L
913,Shoes,Gucci,Kids' Fashion,56,3.969007920122268,Black,S
914,T-shirt,H&M,Kids' Fashion,46,4.057433315782728,Red,L
915,Shoes,Adidas,Kids' Fashion,35,2.930754717584444,White,M
916,Sweater,Nike,Men's Fashion,91,3.456679608274945,Black,M
917,Jeans,Zara,Men's Fashion,23,2.835769686780922,Red,M
918,Shoes,H&M,Kids' Fashion,73,3.803150907795694,Red,XL
919,Shoes,Adidas,Women's Fashion,96,3.35679762370069,Red,S
920,T-shirt,Gucci,Women's Fashion,95,3.8049406413640665,Red,M
921,Jeans,Gucci,Men's Fashion,24,2.9164895937776456,Green,S
922,Jeans,Gucci,Men's Fashion,45,4.575139766805076,Green,L
923,Sweater,Zara,Men's Fashion,79,2.8298935832831686,White,L
924,Sweater,Nike,Men's Fashion,80,3.7032654446554014,Black,M
925,Sweater,H&M,Women's Fashion,69,3.2838810491974546,Blue,S
926,Dress,Zara,Women's Fashion,73,2.1903764841810616,Blue,L
927,T-shirt,Adidas,Men's Fashion,71,4.9467575476089305,White,XL
928,Sweater,Adidas,Kids' Fashion,10,4.585559724465988,Black,L
929,Shoes,Gucci,Kids' Fashion,33,3.989968344884924,Blue,S
930,T-shirt,Adidas,Women's Fashion,31,3.012986785664934,White,M
931,Dress,Zara,Kids' Fashion,73,3.855769320270512,Blue,XL
932,Jeans,H&M,Kids' Fashion,68,2.56370069288509,Yellow,L
933,Sweater,Adidas,Kids' Fashion,76,3.3918882615322623,Blue,L
934,T-shirt,Nike,Women's Fashion,82,2.636831886837697,Green,XL
935,Sweater,Adidas,Men's Fashion,60,1.883630518503253,Black,S
936,Sweater,Gucci,Men's Fashion,33,1.8814469253327668,White,M
937,T-shirt,Gucci,Men's Fashion,38,1.1232397856633063,Red,S
938,T-shirt,Gucci,Kids' Fashion,100,3.217890048418737,Blue,S
939,Jeans,H&M,Men's Fashion,93,4.945684190748571,White,M
940,T-shirt,Gucci,Kids' Fashion,77,3.721576137398128,White,XL
941,Jeans,Zara,Men's Fashion,70,1.659599165583011,White,XL
942,Shoes,Adidas,Men's Fashion,49,1.96887742218606,Green,L
943,Jeans,Gucci,Kids' Fashion,71,4.056119883016917,Blue,L
944,Sweater,H&M,Kids' Fashion,49,3.077371474451204,Black,S
945,Jeans,Gucci,Kids' Fashion,58,2.0130725520669435,Red,L
946,Sweater,H&M,Women's Fashion,15,1.6682707967091797,Red,S
947,T-shirt,Zara,Kids' Fashion,48,3.155635638047163,White,S
948,Sweater,Gucci,Women's Fashion,83,3.5517657049232025,Yellow,XL
949,T-shirt,Zara,Kids' Fashion,96,4.472837069105822,Green,M
950,T-shirt,Zara,Men's Fashion,86,1.7063112011635615,Green,L
951,Sweater,Nike,Kids' Fashion,62,2.948747205567807,Black,L
952,Dress,Zara,Women's Fashion,60,2.554289246651599,Black,L
953,Jeans,Nike,Kids' Fashion,19,1.5419846980617409,Blue,L
954,T-shirt,Gucci,Women's Fashion,74,2.8022966526242867,Green,L
955,Jeans,Nike,Kids' Fashion,64,1.7977229968853874,White,XL
956,Sweater,H&M,Men's Fashion,88,3.912168791848424,Black,M
957,Jeans,Nike,Men's Fashion,57,4.928868618068378,White,L
958,Shoes,Adidas,Men's Fashion,16,2.204637505868551,Green,M
959,Sweater,H&M,Kids' Fashion,45,2.5655731426176587,Yellow,XL
960,Jeans,Gucci,Men's Fashion,50,4.139661022212959,Red,M
961,Jeans,Nike,Women's Fashion,40,1.7300712787520611,White,L
962,Shoes,Adidas,Women's Fashion,97,2.608358764649981,Green,L
963,Shoes,H&M,Men's Fashion,21,4.284576208971265,Black,XL
964,Dress,Nike,Women's Fashion,31,4.541801542689294,White,S
965,Sweater,Nike,Men's Fashion,55,3.5048915386512896,Yellow,S
966,Jeans,Gucci,Kids' Fashion,66,4.865912994593836,Black,S
967,Shoes,Gucci,Kids' Fashion,85,4.003376676880102,Blue,M
968,Sweater,Gucci,Kids' Fashion,46,1.339532011577433,Black,S
969,T-shirt,Gucci,Kids' Fashion,26,2.3083121191885643,Red,L
970,Sweater,H&M,Kids' Fashion,19,4.976832450404386,White,L
971,Shoes,H&M,Men's Fashion,45,3.3757177663871096,Green,XL
972,Jeans,Gucci,Men's Fashion,14,4.783297802985486,White,XL
973,Jeans,H&M,Kids' Fashion,20,3.7406712330563376,Red,L
974,Shoes,Gucci,Kids' Fashion,72,3.10045761118194,Black,XL
975,Dress,Zara,Men's Fashion,19,3.1010542669038688,Black,L
976,Dress,Nike,Kids' Fashion,42,1.535476919818875,White,M
977,T-shirt,Nike,Men's Fashion,91,4.040697715971895,Red,XL
978,T-shirt,Zara,Men's Fashion,98,4.176305463989147,Black,M
979,T-shirt,Nike,Men's Fashion,96,1.8932888458452155,Blue,S
980,T-shirt,H&M,Kids' Fashion,50,4.812332538501465,Blue,XL
981,Shoes,Nike,Women's Fashion,97,3.4449676228113724,White,XL
982,Jeans,Nike,Kids' Fashion,11,4.038688935203389,Green,S
983,Dress,Zara,Men's Fashion,50,4.457362281598346,Red,XL
984,Dress,Gucci,Men's Fashion,64,2.9060201819420155,Green,XL
985,T-shirt,H&M,Women's Fashion,36,2.512345782355948,Green,S
986,Shoes,Gucci,Men's Fashion,11,4.614652815655338,Blue,M
987,Shoes,H&M,Women's Fashion,42,3.2490771632599875,Red,M
988,T-shirt,H&M,Men's Fashion,56,2.5739645481483446,Blue,XL
989,T-shirt,Adidas,Men's Fashion,78,4.715256873865723,Black,S
990,T-shirt,Gucci,Men's Fashion,16,3.392566739533724,Yellow,S
991,Shoes,Nike,Kids' Fashion,25,4.972677491285118,Red,L
992,T-shirt,Gucci,Women's Fashion,91,4.922173018868103,Black,M
993,Shoes,H&M,Women's Fashion,33,4.000541835824288,Yellow,S
994,Sweater,H&M,Men's Fashion,89,4.440832869904192,Green,L
995,Sweater,Adidas,Kids' Fashion,58,4.3951116186697625,Red,S
996,Shoes,Zara,Women's Fashion,55,1.6200805921533727,Black,M
997,Sweater,Nike,Kids' Fashion,13,1.5444639343864257,Green,L
998,Sweater,Zara,Men's Fashion,47,3.961913075556092,White,L
999,T-shirt,Zara,Women's Fashion,68,3.089721517884114,Blue,S
1000,Shoes,Adidas,Women's Fashion,79,3.0935529876473917,White,L
